stock_id,n_samples,correlation,p_value,note
3481,11,-0.6658,0.0253,
2059,8,0.7456,0.0337,
1301,9,0.6897,0.0398,
2357,6,0.7649,0.0764,
2330,41,-0.2676,0.0907,
3008,19,0.3828,0.1057,
2383,9,0.4728,0.1987,
2882,13,0.3405,0.255,
2317,30,-0.1989,0.2921,
2408,27,-0.1941,0.332,
3037,19,-0.2215,0.3622,
2609,6,-0.4191,0.4081,
1303,32,0.1446,0.4299,
6669,7,0.3574,0.4312,
2353,5,0.4637,0.4315,
2881,8,0.2659,0.5245,
1459,16,0.1629,0.5467,
3711,16,-0.1245,0.6459,
2344,20,-0.1091,0.6471,
2303,23,-0.0916,0.6777,
2382,7,-0.173,0.7106,
6213,5,-0.2205,0.7216,
2327,23,0.0666,0.7628,
2301,8,-0.1131,0.7898,
3231,13,-0.0776,0.8011,
2454,35,-0.0308,0.8607,
2409,11,0.0307,0.9286,
2308,20,0.0113,0.9624,
6770,8,0.017,0.9682,
1409,1,,,"樣本數<5,略過計算"
2324,2,,,"樣本數<5,略過計算"
2313,1,,,"樣本數<5,略過計算"
2449,4,,,"樣本數<5,略過計算"
2426,2,,,"樣本數<5,略過計算"
2412,1,,,"樣本數<5,略過計算"
2395,2,,,"樣本數<5,略過計算"
2356,1,,,"樣本數<5,略過計算"
2360,1,,,"樣本數<5,略過計算"
2368,5,,,
2376,5,,,
2345,2,,,"樣本數<5,略過計算"
2762,1,,,"樣本數<5,略過計算"
2801,3,,,"樣本數<5,略過計算"
2615,3,,,"樣本數<5,略過計算"
2603,5,,,
2610,1,,,"樣本數<5,略過計算"
2481,2,,,"樣本數<5,略過計算"
2464,3,,,"樣本數<5,略過計算"
2889,3,,,"樣本數<5,略過計算"
2887,2,,,"樣本數<5,略過計算"
2886,3,,,"樣本數<5,略過計算"
2885,2,,,"樣本數<5,略過計算"
2884,3,,,"樣本數<5,略過計算"
3006,3,,,"樣本數<5,略過計算"
2891,3,,,"樣本數<5,略過計算"
2890,3,,,"樣本數<5,略過計算"
3045,4,,,"樣本數<5,略過計算"
3026,3,,,"樣本數<5,略過計算"
3017,2,,,"樣本數<5,略過計算"
3450,2,,,"樣本數<5,略過計算"
3532,3,,,"樣本數<5,略過計算"
1795,1,,,"樣本數<5,略過計算"
2002,1,,,"樣本數<5,略過計算"
2049,1,,,"樣本數<5,略過計算"
5434,3,,,"樣本數<5,略過計算"
3661,1,,,"樣本數<5,略過計算"
3653,1,,,"樣本數<5,略過計算"
6214,1,,,"樣本數<5,略過計算"
6446,2,,,"樣本數<5,略過計算"
6472,1,,,"樣本數<5,略過計算"
6225,2,,,"樣本數<5,略過計算"
6239,3,,,"樣本數<5,略過計算"
6505,1,,,"樣本數<5,略過計算"
6491,2,,,"樣本數<5,略過計算"
6515,1,,,"樣本數<5,略過計算"
6805,2,,,"樣本數<5,略過計算"
7769,1,,,"樣本數<5,略過計算"
8021,2,,,"樣本數<5,略過計算"
8046,2,,,"樣本數<5,略過計算"
8112,2,,,"樣本數<5,略過計算"
